DPI,Nombre,Apellido,Direccion,Telefono,Edad,Genero,,,,
1979280000000,Vivian,Schultz,1511 Pooh Bear Lane,4608499546,55,F,,,,
3144520000000,Natisha,Flores,3663 McDowell Street,5119315633,80,F,,,,
8728090000000,Mary,Love,4954 Woodhill Avenue,6297761196,47,F,,,,
7160010000000,Lawrence,Bart,4820 James Street,9862764981,44,M,,,,
8377100000000,Johnny,Roman,485 Broadcast Drive,2841895775,21,M,,,,
7730280000000,Aubrey,Porter,4187 Bolman Court,6192740010,72,M,,,,
5914960000000,Alberto,Ramirez,203 Public Works Drive,9743191382,52,M,,,,
7663950000000,Jose,Cortes,4142 Walkers Ridge Way,7576564107,67,M,,,,
7172070000000,Robert,Pope,527 Progress Way,7291678624,86,M,,,,
5486730000000,Jacqueline,McMillan,2619 Bridge Street,2603867587,44,F,,,,
6630990000000,Dawn,Lindsey,603 School House Road,2415449050,58,F,,,,
3715870000000,Joseph,Carpenter,2719 Marigold Lane,1896033667,27,M,,,,
3617460000000,Thomas,George,3089 Burwell Heights Road,3029418206,43,M,,,,
3344000000000,Anthony,Gann,3267 Murphy Court,3748672054,85,M,,,,
8718000000000,Christian,Crouse,3229 Wiseman Street,3354132892,66,M,,,,
9422670000000,Joyce,Nichols,4033 Fieldcrest Road,6914808178,61,F,,,,
4461930000000,Arthur,South,372 Bryan Street,1436497137,28,M,,,,
2972220000000,William,Lighty,3722 Hinkle Deegan Lake Road,4002123087,52,M,,,,
6367060000000,Carlos,Wigfall,2471 Berkley Street,6334227072,59,M,,,,
2656600000000,Gretchen,Hunter,3735 Summit Park Avenue,7467996902,32,F,,,,
5711940000000,Kevin,Boyd,1236 Briercliff Road,9981729052,69,M,,,,
6283100000000,Bernard,Gallagher,168 Trails End Road,5221450049,52,M,,,,
6406860000000,Elias,Purdue,4627 Marion Drive,8606105897,56,M,,,,
7402190000000,Valerie,Duncan,2371 Poling Farm Road,1759698957,88,F,,,,
4909580000000,Whitley,Chase,2689 Henery Street,7232171147,61,F,,,,
8073390000000,Randall,Williams,3109 Green Acres Road,1757661798,81,M,,,,
6621920000000,Veronica,Ballard,18 Green Gate Lane,6716835282,67,F,,,,
8860720000000,Jessica,Layton,1098 George Street,6049066172,63,F,,,,
1614110000000,Barry,Nelson,1718 Oral Lake Road,3449703700,82,M,,,,
2865310000000,Noah,Savage,894 Pride Avenue,2016678561,66,M,,,,
1454200000000,Tiffany,Ambler,1636 Davis Lane,4837704029,82,F,,,,
9080950000000,Jamie,Beattie,2501 Lyndon Street,1184575169,48,F,,,,
9715550000000,Deana,Ladner,4920 Pinnickinnick Street,1806894893,31,F,,,,
1105130000000,Floyd,Chambers,821 Dogwood Lane,7282866423,64,M,,,,
7246820000000,Christina,Stewart,490 Comfort Court,4409192440,63,F,,,,
9073500000000,Ronald,Key,2608 Oxford Court,3021789304,48,M,,,,
1896660000000,Michael,Nichols,82 Bagwell Avenue,5803405046,60,M,,,,
9456840000000,Terry,Miller,4570 Travis Street,2906073166,71,M,,,,
4912660000000,Keith,Gonzalez,2917 Byers Lane,6284773018,23,M,,,,
7576090000000,Dustin,Resendez,1525 Fraggle Drive,7725075074,46,M,,,,
6023780000000,Richard,Bell,604 Happy Hollow Road,5021884093,69,M,,,,
5741440000000,Janie,Hetzel,1228 Charles Street,7225708050,56,F,,,,
7362960000000,Joyce,Escobar,2240 Grasselli Street,4599311991,49,F,,,,
5789960000000,Edmond,Thomas,1207 Center Street,6118785825,20,M,,,,
8396580000000,Kimberly,Harris,7 Deans Lane,3934871591,28,F,,,,
8143780000000,Bethany,Payton,396 Summit Street,5928516639,75,F,,,,
1439430000000,Warren,Gwin,4200 Fittro Street,1468092885,45,M,,,,
5145820000000,James,Howard,866 Stout Street,5164479008,73,M,,,,
2767850000000,Genoveva,Rhoades,3450 Marion Street,4483097562,67,F,,,,
7016220000000,Jeffrey,Pattison,3587 Commerce Boulevard,3309250755,53,M,,,,
3863720000000,Donnell,Marler,2620 Valley Street,8443500542,35,M,,,,
5146910000000,Elliott,Ramos,1233 Broadcast Drive,3004564116,49,M,,,,
7402910000000,Joseph,Smothers,1295 Hanifan Lane,7102610410,58,M,,,,
2668280000000,Roger,Guzman,2205 Rainbow Road,1023603196,26,M,,,,
8774650000000,Chris,Nestor,824 Flinderation Road,3574669247,61,F,,,,
1167000000000,Jessica,Brantley,2813 Woodland Avenue,4761523925,79,F,,,,
3408210000000,Willie,Morgenstern,4480 Kemper Lane,6110351941,26,M,,,,
3229170000000,Jerry,Moyer,1304 Scenicview Drive,4833048217,19,M,,,,
1609260000000,Gail,Montgomery,1420 Locust Court,4842132323,82,F,,,,
4611540000000,Megan,Newman,4038 Mulberry Street,9649127091,34,F,,,,
1476790000000,Charles,Kleinschmidt,43 Jenna Lane,8449346521,60,M,,,,
5048760000000,Helen,Cooper,3748 Devils Hill Road,2219900888,55,F,,,,
4810400000000,Leroy,Sanchez,2500 Sand Fork Road,1055097560,90,M,,,,
9145870000000,Rodger,Walker,3503 Brannon Avenue,5734550591,32,M,,,,
1298330000000,Walter,White,3655 Terra Cotta Street,4563891355,57,M,,,,
2450200000000,Thomas,Mullins,1431 Cedarstone Drive,2559052903,39,M,,,,
7699510000000,Jerry,Engelmann,4163 Willison Street,4337782111,29,M,,,,
9546180000000,Laurie,Dick,3651 Woodbridge Lane,2521982461,69,F,,,,
5908200000000,Thomas,Knight,2005 Melody Lane,5621417868,20,M,,,,
2270860000000,Eva,Nesler,1120 Park Avenue,4579724741,69,F,,,,
1909480000000,Hazel,Macias,4723 Nixon Avenue,7151078438,66,F,,,,
1294620000000,Rosemary,Loftis,3226 Byrd Lane,5076143849,27,F,,,,
3680640000000,Thomas,White,2150 Biddie Lane,5940442139,52,M,,,,
8466010000000,Diane,Benitez,3974 Duncan Avenue,9144738893,45,F,,,,
6260700000000,Barbara,Hardy,635 Hinkle Lake Road,3559184079,58,F,,,,
6731050000000,Betsy,Brown,4516 Charter Street,5843842130,53,F,,,,
4091470000000,Alexander,Antoine,2348 Woodrow Way,8203956428,67,M,,,,
9049580000000,Kenneth,Black,2919 Trouser Leg Road,5901074984,38,M,,,,
5019840000000,Charles,Riggle,3745 Upton Avenue,8947035148,27,M,,,,
9086240000000,Michael,Wright,2253 Rose Street,7038885902,59,M,,,,
3071250000000,Margarita,Frazier,1191 Friendship Lane,5684336516,47,F,,,,
4282250000000,John,Hall,4267 Kimberly Way,4250067926,26,M,,,,
4187980000000,Rochelle,White,1940 Irving Road,7328085613,29,F,,,,
7080930000000,David,Gasaway,628 Freed Drive,8804140647,90,M,,,,
2994280000000,Joseph,Watkins,4655 Cambridge Drive,9566648908,39,M,,,,
5738050000000,Richard,Lawrence,1406 Ashmor Drive,8481905861,50,M,,,,
1135460000000,Jeanie,Johnson,142 Biddie Lane,1912388650,49,F,,,,
3349920000000,Kimberly,Becker,1000 Deer Haven Drive,7842002899,20,F,,,,
6911560000000,Edward,Lott,4848 Diamond Street,3881306276,34,M,,,,
1807650000000,John,Garza,3405 Cook Hill Road,6012148553,71,M,,,,
6087300000000,Marilyn,Croy,3195 Ferry Street,8338619980,22,F,,,,
6740370000000,Mitchell,Smith,2416 Point Street,5313838823,36,M,,,,
4692000000000,Rolando,Wheeler,3753 Brannon Avenue,7656402342,21,M,,,,
7348130000000,James,Nelson,3222 Mulberry Street,1007417866,35,M,,,,
3153780000000,Carol,Hobson,123 West Street,9091236773,78,F,,,,
9816990000000,Jean,Whittaker,2019 Carolina Avenue,9652656132,83,M,,,,
2557800000000,Mickey,Fraser,57 Franklin Street,7278548154,70,M,,,,
9011170000000,Thomas,Womack,562 My Drive,1547526094,57,M,,,,
6015510000000,Edward,Eaglin,3453 Confederate Drive,9885368844,59,M,,,,
